#node1	node2
COL1A2	MSR1
FN1	TGFB3
FN1	CDH1
FN1	EGF
FN1	ITGB7
FN1	IGF1R
FN1	ITGA5
FN1	AGTRAP
FN1	SMAD3
FN1	PLAU
FN1	TEK
FN1	JAK2
FN1	CST3
FN1	ESR1
FN1	ANGPT1
FN1	VEGFA
VIM	DMD
COL1A1	MSR1
COL1A1	ITGA5
FLNA	ITGB4
FLNA	ITGB7
FLNA	CAV1
FLNA	AR
FLNA	ROR2
TGFBI	ITGA3
TGFBI	ITGAM
SERPINE1	TGFB3
SERPINE1	EGF
SERPINE1	SMAD3
SERPINE1	F3
SERPINE1	PLAU
SERPINE1	VEGFA
COL3A1	MSR1
COL3A1	CDH11
KRT1	KRT19
DCN	TGFB3
DCN	MMP7
DCN	TLR4
SERPINE2	PLAU
CTSD	CST3
CTSD	ESR1
CTSD	DBNL
PLEC	ITGB4
PLEC	DOCK4
THBS1	ITGA3
THBS1	TGFB3
THBS1	EGF
THBS1	VCAM1
THBS1	VEGFA
KRT10	KRT19
LMNA	AGTRAP
LMNA	JAK2
ACTN1	TNS1
ACTN1	TGFB3
ACTN1	CDH1
ACTN1	EGF
ACTN1	KIRREL
ACTN1	PIK3R1
ACTN1	LMO7
ACTN1	VEGFA
ALDOA	TGFB3
ALDOA	EGF
ALDOA	CST3
ALDOA	ESR1
ALDOA	DBNL
ALDOA	VEGFA
LUM	TGFB3
PTX3	CST3
PTX3	DBNL
KRT9	KRT19
TIMP1	MMP15
TIMP1	TGFB3
TIMP1	MMP7
TIMP1	EGF
TIMP1	CST3
TIMP1	VEGFA
SPARC	TGFB3
SPARC	EGF
SPARC	VEGFA
COL4A2	MSR1
IGFBP7	CST3
TNC	CST3
KRT2	KRT19
SERPINF1	VEGFA
VCL	TNS1
VCL	CDH1
VCL	TJP1
VCL	AGTRAP
VCL	SORBS2
VCL	MYLK
VCL	PIK3R1
PFN1	DAAM1
COMP	ITGA5
SERPING1	TGFB3
SERPING1	EGF
SERPING1	VEGFA
ACTB	TJP1
ACTB	BAIAP2
ACTB	DMD
ACTB	ITSN1
ACTB	RDX
ACTG1	TJP1
ACTG1	BAIAP2
ACTG1	DMD
ACTG1	ITSN1
ACTG1	RDX
YWHAE	ITGB4
YWHAE	SORT1
YWHAE	AJUBA
YWHAE	CDK5
ACTN4	TNS1
ACTN4	ITGB4
ACTN4	TGFB3
ACTN4	EGF
ACTN4	MICALL2
ACTN4	KIRREL
ACTN4	PIK3R1
ACTN4	LMO7
ACTN4	VEGFA
GAPDH	AR
GAPDH	ESR1
FLNB	ITGB4
FLNB	ITGB7
ALB	TGFB3
ALB	EGF
ALB	CST3
ALB	VEGFA
BGN	TGFB3
BGN	TLR4
HSPG2	MMP15
HSPG2	PDGFA
HSPG2	CST3
HSPG2	VEGFA
MMP2	EFNB1
MMP2	HBEGF
MMP2	MMP7
MMP2	EPHB3
MMP2	TEK
MMP2	ANGPT1
MMP2	ITGAM
MMP2	VEGFA
CST3	DBNL
GAS6	TGFB3
GAS6	TYRO3
GAS6	EGF
GAS6	CST3
GAS6	VEGFA
QSOX1	TGFB3
QSOX1	EGF
QSOX1	CST3
QSOX1	DBNL
QSOX1	VEGFA
YWHAZ	ITGB4
YWHAZ	PRKCE
YWHAZ	PIK3CD
YWHAZ	JAK2
YWHAZ	PIK3R1
MYH9	EXOC6
MYH9	FCGR2A
MYH9	MYLK
MYH9	PPP1CB
FBN1	ITGA5
FBN1	CST3
HSPA8	HSPB1
HSPA8	HIP1R
HSPA8	SORT1
HSPA8	EGF
HSPA8	FNBP1L
HSPA8	DAB2
HSPA8	SMAD3
HSPA8	SYNJ2
HSPA8	AMPH
HSPA8	DNM3
HSPA8	AR
HSPA8	HSPA1A
HSPA8	ITSN1
HSPA8	AGTR1
TF	HIP1R
TF	EGF
TF	FNBP1L
TF	DAB2
TF	SYNJ2
TF	AMPH
TF	DNM3
TF	ITSN1
TF	CST3
TF	AGTR1
HP	CST3
HP	DBNL
TPM4	MYLK
TPM4	DMD
HSPA5	HSPA1A
YWHAQ	ITGB4
LAMC1	ITGA3
LAMC1	ITGB4
LAMC1	NTN4
LAMC1	DMD
LAMC1	CST3
ANXA2	CAV3
ANXA2	AHNAK
ANXA2	CPPED1
PRDX6	CPPED1
ALDOC	CST3
ALDOC	DBNL
VCAN	CST3
MSN	SLC9A1
MSN	VCAM1
MSN	RDX
MSN	SLC9A3R2
YWHAB	ITGB4
YWHAB	AGTRAP
YWHAB	JAK2
LGALS1	CST3
APOE	MSR1
APOE	CST3
TLN1	TNS1
TLN1	NRP1
TLN1	ITGB7
TLN1	ITGA5
TLN1	VCAM1
TLN1	RAPH1
TLN1	AGTRAP
TLN1	MYLK
TLN1	PLXNA2
TLN1	PLXNA1
TLN1	PIK3R1
TLN1	ITGAM
CALD1	MYLK
DPYSL2	NRP1
DPYSL2	PLXNA2
DPYSL2	PLXNA1
DPYSL2	CDK5
GSN	PIK3R1
CFL1	CAP2
CD109	CNTN3
CD109	NTM
ANXA1	BDKRB1
ANXA1	PTGER1
ANXA1	S1PR1
ANXA1	GRM5
ANXA1	ADRA1B
ANXA1	P2RY2
ANXA1	ADCY4
ANXA1	F2R
ANXA1	HTR1F
ANXA1	TAS1R1
ANXA1	NPY2R
ANXA1	CAV3
ANXA1	SSTR2
ANXA1	ADORA1
ANXA1	GNAI3
ANXA1	LPAR1
ANXA1	S1PR3
ANXA1	HRH1
ANXA1	AGTR1
ANXA1	PIK3R1
ANXA1	GPR68
ANXA1	BDKRB2
ANXA1	FPR1
ANXA1	P2RY6
HSP90B1	MSR1
HSP90B1	TLR3
HSP90B1	CAV1
HSP90B1	CAV3
HSP90B1	TLR4
HSP90B1	AR
HSP90B1	HSPA1A
HSP90B1	CST3
HSP90AA1	HBEGF
HSP90AA1	HSPB1
HSP90AA1	AJUBA
HSP90AA1	EGF
HSP90AA1	NRP1
HSP90AA1	BAIAP2
HSP90AA1	CAV1
HSP90AA1	CAV3
HSP90AA1	PLXNA2
HSP90AA1	AR
HSP90AA1	HSPA1A
HSP90AA1	SHB
HSP90AA1	JAK2
HSP90AA1	PLXNA1
HSP90AA1	ESR1
HSP90AA1	PIK3R1
HSP90AA1	VEGFA
FSTL1	CST3
B4GALT1	ADAM20
B4GALT1	NOTCH2
B4GALT1	NOTCH1
B4GALT1	STOM
B4GALT1	FUT4
B4GALT1	FPR1
VCAM1	ITGB7
VCAM1	GBP1
VCAM1	VEGFA
HSP90AB1	NRP1
HSP90AB1	CAV1
HSP90AB1	CAV3
HSP90AB1	PLXNA2
HSP90AB1	AR
HSP90AB1	HSPA1A
HSP90AB1	PLXNA1
HSP90AB1	ESR1
PEBP1	AGTRAP
PDIA6	CST3
CALR	MSR1
CAVIN1	CAV1
CAVIN1	CAV3
TPM1	MYLK
TPM1	DMD
TPM2	MYLK
TPM2	DMD
KRT77	KRT19
KRT5	KRT19
GDI2	RIN1
GDI2	RHOJ
GDI2	RHOU
GDI2	CPPED1
GDI2	RAB31
YWHAG	ITGB4
YWHAG	AJUBA
P4HB	IL12A
P4HB	CST3
EEF1A1	ZBTB16
EEF1A1	DOCK4
PRSS23	CST3
LAMA4	ITGA3
LAMA4	ITGB4
LAMA4	MCAM
LAMA4	NTN4
LAMA4	DMD
KRT6C	KRT19
INHBA	ACVR2A
INHBA	SMAD3
INHBA	ACVRL1
CTSB	CST3
ENPP2	LPAR1
KRT6A	KRT19
CFD	TGFB3
CFD	EGF
CFD	VEGFA
CTSA	CPPED1
KRT14	KRT19
FLNC	ITGB7
TIMP2	MMP15
TIMP2	MMP7
TIMP2	CST3
TIMP2	DBNL
KRT13	KRT19
YWHAH	ITGB4
YWHAH	IGF1R
EEF1D	ABTB1
SEMA7A	NRP1
SEMA7A	PLXNB1
SEMA7A	PLXNA1
KRT6B	KRT19
NME2	ESR1
PSAP	BDKRB1
PSAP	STOM
PSAP	S1PR1
PSAP	ADCY4
PSAP	HTR1F
PSAP	TAS1R1
PSAP	NPY2R
PSAP	SSTR2
PSAP	ADORA1
PSAP	GNAI3
PSAP	LPAR1
PSAP	S1PR3
PSAP	AGTR1
PSAP	BDKRB2
PSAP	FPR1
CDH2	CDH1
CDH2	EGF
CDH2	CDH11
CDH2	NOTCH1
CDH2	CDON
CDH2	CST3
CDH2	PIK3R1
TUBA1C	ESR1
HEXB	CPPED1
EEF2	DOCK4
CDH11	CDH1
TPM3	MYLK
TPM3	DMD
DPYSL3	NRP1
DPYSL3	PLXNA2
DPYSL3	PLXNA1
DPYSL3	CDK5
PYGB	PHKA1
PYGB	CPPED1
PRDX1	AR
PRDX1	CDK5
CALU	CST3
IGFBP3	IGF1R
IGFBP3	CST3
ALCAM	NT5E
RCN1	CST3
HSPA2	AR
HSPA2	HSPA1A
ARSA	CPPED1
TUBB	AJUBA
TUBB	CPPED1
NID1	ITGA3
NID1	MMP15
NID1	MMP7
PLAU	ITGA3
PLAU	SLC2A3
PLAU	STOM
PLAU	ITGA5
PLAU	RAP2B
PLAU	PTPRJ
PLAU	ITGAM
HSPA1A	HSPB1
HSPA1A	IFNGR1
HSPA1A	AR
HSPA1A	JAK2
GNS	CPPED1
ANPEP	GGT5
COL4A1	MSR1
ISLR	TGFB3
ISLR	EGF
ISLR	VEGFA
GALNS	CPPED1
PDLIM5	PRKCE
PDLIM5	DLG2
YBX3	TJP1
NME1	TIAM1
KRT16	KRT19
HSPA1L	AR
HSPA1L	HSPA1A
ASAH1	SPHK1
ASAH1	CST3
ASAH1	DBNL
MFGE8	CST3
ACTA2	CAP2
ACTA2	NOTCH2
ACTA2	NOTCH1
ACTA2	MYLK
HSPB1	PRKD1
HSPB1	HSPA1A
HSPB1	ESR1
RPLP0	DOCK4
FST	RGMB
FST	RGMA
FBN2	ITGA5
CCN2	TGFBR3
CCN2	TGFB3
CCN2	SMAD3
CCN2	TGFBR2
CCN2	ITGAM
CCN2	VEGFA
GDI1	RIN1
GDI1	RHOJ
GDI1	RHOU
GDI1	RAB31
CAPZB	ANK3
CAPZB	ANK2
CAPZB	AR
CAPZB	DBNL
NCL	PLAU
CAPZA1	ANK3
CAPZA1	ANK2
CAPZA1	AR
A2M	TGFB3
A2M	MMP7
A2M	EGF
A2M	RHOJ
A2M	RHOU
A2M	VEGFA
NUCB1	CST3
TUBB4B	AJUBA
TUBB4B	CPPED1
NFASC	ANK3
NFASC	SCN8A
NFASC	ANK2
NFASC	NRCAM
PSME1	NFKBIA
PSME1	SMURF2
PSME1	AJUBA
PSME1	LIMD1
PSME1	TNFRSF12A
CCT8	SPHK1
CCT8	CPPED1
ADIPOQ	NAMPT
ADIPOQ	HBEGF
ADIPOQ	VCAM1
LAMB1	ITGA3
LAMB1	ITGB4
LAMB1	CDH1
LAMB1	EGF
LAMB1	NTN4
LAMB1	DMD
LAMB1	CST3
LAMB1	PIK3R1
LAMB1	PMP22
FKBP1A	TGFBR3
FKBP1A	TGFB3
FKBP1A	ACVR2A
FKBP1A	SMURF2
FKBP1A	SMAD3
FKBP1A	CAV1
FKBP1A	TGFBR2
FKBP1A	ACVRL1
DAG1	CAV3
DAG1	DMD
RPL12	DOCK4
HSPA13	HSPA1A
CNN2	CST3
CNN2	DBNL
PTBP1	CASP1
CTHRC1	FZD5
CTHRC1	ROR2
AGT	BDKRB1
AGT	PTGER1
AGT	ANPEP
AGT	S1PR1
AGT	GRM5
AGT	ADRA1B
AGT	P2RY2
AGT	ADCY4
AGT	AGTRAP
AGT	F2R
AGT	HTR1F
AGT	TAS1R1
AGT	NPY2R
AGT	SSTR2
AGT	ADORA1
AGT	GNAI3
AGT	LPAR1
AGT	S1PR3
AGT	HRH1
AGT	AGTR1
AGT	PIK3R1
AGT	GPR68
AGT	BDKRB2
AGT	FPR1
AGT	P2RY6
PSMA7	NFKBIA
PSMA7	SMURF2
PSMA7	AJUBA
PSMA7	LIMD1
PSMA7	TNFRSF12A
PABPC1	HSPB1
PABPC1	HSPA1A
CHRDL1	RGMB
CHRDL1	CST3
CHRDL1	RGMA
MAN2B1	CPPED1
PRDX2	CDK5
RPLP2	DOCK4
MXRA8	CST3
CAP1	CAP2
CAP1	CPPED1
C4A	CST3
TXNDC5	HIP1R
TXNDC5	SORT1
TXNDC5	CPPED1
GOLM1	CST3
IGFBP5	CST3
ARHGDIA	RHOJ
ARHGDIA	RHOU
CYCS	HSPB1
CYCS	SORT1
CYCS	PPP1CB
KRT4	KRT19
CLU	TGFB3
CLU	EGF
CLU	VEGFA
ATP6AP2	SLC2A3
ATP6AP2	STOM
ATP6AP2	RAP2B
ATP6AP2	PLAU
ATP6AP2	ITGAM
AP2B1	EFNB1
AP2B1	HIP1R
AP2B1	EGF
AP2B1	FNBP1L
AP2B1	DAB2
AP2B1	EPHB3
AP2B1	SYNJ2
AP2B1	AMPH
AP2B1	FZD5
AP2B1	DNM3
AP2B1	ROR2
AP2B1	ITSN1
AP2B1	RDX
AP2B1	AGTR1
AK3	NT5E
PSMA6	NFKBIA
PSMA6	SMURF2
PSMA6	AJUBA
PSMA6	LIMD1
PSMA6	TNFRSF12A
IGFBP4	CST3
SMPD1	PIK3R1
MYL12A	EFNB1
MYL12A	EPHB3
MYL12A	MYLK
MYL12A	PPP1CB
DPP7	CPPED1
LBP	TLR4
LBP	ITGAM
NEO1	RGMB
NEO1	UNC5B
NEO1	NTN4
NEO1	CDON
NEO1	RGMA
MANBA	STOM
MANBA	FPR1
RDX	SLC9A1
RDX	SLC9A3R2
PARVA	TNS1
GPC1	HBEGF
GPC1	TGFB3
GPC1	TGFBR2
GPC1	VEGFA
EEF1B2	AHNAK
ANXA6	CAV3
LTBP1	TGFB3
LTBP1	CST3
UBE2V1	NFKBIA
UBE2V1	SMURF2
UBE2V1	TLR3
UBE2V1	ZBTB16
UBE2V1	IRAK1
UBE2V1	TLR4
UBE2V1	NEDD4L
UBE2V1	NEDD4
UBE2V1	LMO7
PNP	NAMPT
PNP	NT5E
EEA1	RAB31
HLA-C	SAMHD1
HLA-C	VCAM1
HLA-C	GBP1
HLA-C	KLRD1
HEBP2	CPPED1
MMP14	MMP15
MMP14	VEGFA
PRKCSH	CST3
DBNL	DLG2
DBNL	CST3
STC2	CST3
HLA-A	SAMHD1
HLA-A	VCAM1
HLA-A	GBP1
HLA-A	KLRD1
UBE2V2	SMURF2
UBE2V2	ZBTB16
UBE2V2	NEDD4L
UBE2V2	NEDD4
UBE2V2	LMO7
EZR	CDH1
EZR	SLC9A1
EZR	VCAM1
EZR	RDX
EZR	SLC9A3R2
VCP	CPPED1
GAA	SLC2A3
GAA	STOM
GAA	RAP2B
GAA	PLAU
GAA	ITGAM
GAA	FPR1
MATN3	CST3
NNMT	NAMPT
SCG2	CST3
RPS18	DOCK4
MYL9	MYLK
MYL9	PPP1CB
MARCKS	PRKCE
KRT17	KRT19
ZYX	TNS1
ZYX	CDH1
ZYX	F2R
ZYX	PIK3R1
PSMB1	NFKBIA
PSMB1	SMURF2
PSMB1	AJUBA
PSMB1	LIMD1
PSMB1	TNFRSF12A
LRP1	PLAU
LRP1	ITGAM
HPRT1	NT5E
PSMB5	NFKBIA
PSMB5	SMURF2
PSMB5	AJUBA
PSMB5	LIMD1
PSMB5	TNFRSF12A
PSMB2	NFKBIA
PSMB2	SMURF2
PSMB2	AJUBA
PSMB2	LIMD1
PSMB2	TNFRSF12A
AP2A1	EFNB1
AP2A1	HIP1R
AP2A1	EGF
AP2A1	FNBP1L
AP2A1	DAB2
AP2A1	EPHB3
AP2A1	SYNJ2
AP2A1	AMPH
AP2A1	FZD5
AP2A1	DNM3
AP2A1	ROR2
AP2A1	ITSN1
AP2A1	RDX
AP2A1	AGTR1
GGH	ANPEP
GGH	CPPED1
GGH	CST3
GGH	DBNL
EEF1G	DOCK4
MYL6	MYLK
MYL6	PPP1CB
SEC22B	STX1B
SEC22B	STX7
SEC22B	S100A16
SEC22B	AREG
KRT76	KRT19
TGFB1	TGFBR3
TGFB1	ITGB8
TGFB1	TGFB3
TGFB1	SMURF2
TGFB1	EGF
TGFB1	DAB2
TGFB1	SMAD3
TGFB1	CAV1
TGFB1	TGFBR2
TGFB1	ACVRL1
TGFB1	PPP1CB
TGFB1	NEDD4L
TGFB1	VEGFA
PROS1	TGFB3
PROS1	TYRO3
PROS1	EGF
PROS1	F2R
PROS1	VEGFA
MMP13	MMP7
SPTBN1	TGFB3
SPTBN1	ANK3
SPTBN1	SMAD3
SPTBN1	SCN8A
SPTBN1	ANK2
SPTBN1	TGFBR2
SPTBN1	KIRREL
SPTBN1	NRCAM
THY1	NT5E
THY1	CNTN3
THY1	MCAM
THY1	CD109
THY1	ANPEP
THY1	NTM
THY1	ITGAM
CDH13	CDH1
CDH13	CDH11
NRP1	SEMA7A
NRP1	SEMA4F
NRP1	PLXNB1
NRP1	PLXNA2
NRP1	PLXNA1
NRP1	CDK5
NRP1	VEGFA
GLO1	AOC3
PSMA2	NFKBIA
PSMA2	SMURF2
PSMA2	AJUBA
PSMA2	LIMD1
PSMA2	TNFRSF12A
PDGFRB	EGF
PDGFRB	RASA1
PDGFRB	S1PR1
PDGFRB	SPHK1
PDGFRB	PDGFA
PDGFRB	PLAU
PDGFRB	PIK3CD
PDGFRB	JAK2
PDGFRB	PTPRJ
PDGFRB	DOCK4
PDGFRB	SLC9A3R2
PDGFRB	PDGFC
PDGFRB	PIK3R1
PDGFRB	ANGPT1
PDGFRB	VEGFA
ADH1B	ADH1A
ADH1B	ADH1C
AP1B1	HIP1R
AP1B1	SORT1
AP1B1	DNM3
AP1B1	ITSN1
PSMA5	NFKBIA
PSMA5	SMURF2
PSMA5	AJUBA
PSMA5	LIMD1
PSMA5	TNFRSF12A
ENG	TGFB3
ENG	ACVR2A
ENG	NT5E
ENG	MCAM
ENG	ANPEP
ENG	CAV1
ENG	TGFBR2
ENG	ACVRL1
ENG	VEGFA
C3	BDKRB1
C3	S1PR1
C3	ADCY4
C3	HTR1F
C3	TAS1R1
C3	NPY2R
C3	SSTR2
C3	ADORA1
C3	GNAI3
C3	LPAR1
C3	S1PR3
C3	CPPED1
C3	CST3
C3	AGTR1
C3	ITGAM
C3	BDKRB2
C3	FPR1
ACP1	EPHA2
GOT2	ANPEP
LMNB1	CDK5
KPNB1	SMAD3
UBC	NFKBIA
UBC	HSPB1
UBC	HIP1R
UBC	JAG1
UBC	IRAK2
UBC	NOTCH2
UBC	SMURF2
UBC	AJUBA
UBC	EGF
UBC	FNBP1L
UBC	LRIG1
UBC	LIMD1
UBC	NOTCH1
UBC	TLR3
UBC	DAB2
UBC	PTCH1
UBC	SMAD3
UBC	ZBTB16
UBC	SYNJ2
UBC	AMPH
UBC	TGFBR2
UBC	FZD5
UBC	DLL1
UBC	LGR6
UBC	DNM3
UBC	PTPRK
UBC	IRAK1
UBC	TLR4
UBC	HSPA1A
UBC	LGR4
UBC	ITSN1
UBC	NEDD4L
UBC	AGTR1
UBC	NEDD4
UBC	LMO7
CRLF1	LIFR
CRLF1	IL6ST
CRLF1	JAK2
SFRP2	WNT6
SFRP2	DKK1
PDGFC	EGF
PDGFC	PDGFA
ANP32A	ESR1
CSTB	CST3
CSTB	DBNL
CSF1	CSF1R
CSF1	TEK
CSF1	CST3
FAM20A	CST3
ARCN1	ANK3
ARCN1	ANK2
PSMA1	NFKBIA
PSMA1	SMURF2
PSMA1	AJUBA
PSMA1	LIMD1
PSMA1	TNFRSF12A
PLA2G15	PLB1
ENAH	CDH1
ENAH	BAIAP2
ENAH	RAPH1
IQGAP1	CDH1
IQGAP1	AGTRAP
IQGAP1	KIRREL
IQGAP1	KCNB1
IQGAP1	ITPR2
IQGAP1	KCNS3
IQGAP1	VEGFA
SPTAN1	ANK3
SPTAN1	SCN8A
SPTAN1	ANK2
SPTAN1	KIRREL
SPTAN1	NRCAM
SPTAN1	CST3
SPTAN1	DBNL
NPC2	CPPED1
NPC2	SLC9A3R2
PSMB4	NFKBIA
PSMB4	SMURF2
PSMB4	AJUBA
PSMB4	LIMD1
PSMB4	TNFRSF12A
TGFB2	TGFB3
TGFB2	EGF
TGFB2	SMAD3
TGFB2	TGFBR2
TGFB2	VEGFA
CRK	EFNB1
CRK	IGF1R
CRK	FCGR2A
CRK	PRKCE
CRK	BAIAP2
CRK	EPHA2
CRK	IRS2
CRK	PIK3CD
CRK	SHB
CRK	TEK
CRK	DBNL
CRK	PIK3R1
CRK	ANGPT1
MYH11	MYLK
MYH11	PPP1CB
PSMA4	NFKBIA
PSMA4	SMURF2
PSMA4	AJUBA
PSMA4	LIMD1
PSMA4	TNFRSF12A
ARHGAP1	RASA1
ARHGAP1	RHOJ
ARHGAP1	RHOU
GOT1	ANPEP
DDAH2	VEGFA
RPS16	DOCK4
SERPINB6	SLC2A3
SERPINB6	STOM
SERPINB6	RAP2B
SERPINB6	PLAU
SERPINB6	ITGAM
VTN	ITGA3
VTN	ITGB8
VTN	ITGA5
VTN	PLAU
VTN	VEGFA
PAWR	NFKBIA
SFRP4	WNT6
DSP	TGM1
DSP	PKP3
VAT1	CPPED1
UBA1	SMURF2
UBA1	ZBTB16
UBA1	PLAU
UBA1	NEDD4L
UBA1	NEDD4
UBA1	LMO7
ADAM12	EGF
ADAM12	DLL1
ELAVL1	VEGFA
F5	TGFB3
F5	EGF
F5	F3
F5	AREG
F5	CST3
F5	VEGFA
DKK3	DKK1
DYNLRB1	TGFB3
DYNLRB1	SMURF2
DYNLRB1	TGFBR2
IMPA1	CDIPT
COL2A1	ITGA10
DNAJC3	HSPA1A
DNAJC3	CPPED1
DNAJC3	CST3
ATP6AP1	INSR
MCAM	NT5E
CTSZ	AREG
SPARCL1	CST3
ADAM15	CDH1
PSMA3	NFKBIA
PSMA3	SMURF2
PSMA3	AJUBA
PSMA3	LIMD1
PSMA3	TNFRSF12A
HBB	CST3
HBB	DBNL
LAMA2	ITGA3
LAMA2	ITGB4
LAMA2	ITGA5
LAMA2	NTN4
LAMA2	DMD
GSR	GGT5
PSME2	NFKBIA
PSME2	SMURF2
PSME2	AJUBA
PSME2	LIMD1
PSME2	TNFRSF12A
UBE2K	SMURF2
UBE2K	ZBTB16
UBE2K	NEDD4L
UBE2K	NEDD4
UBE2K	LMO7
NRCAM	ANK3
NRCAM	SCN8A
NRCAM	ANK2
PICALM	HIP1R
PICALM	SORT1
PICALM	EGF
PICALM	FNBP1L
PICALM	DAB2
PICALM	SYNJ2
PICALM	AMPH
PICALM	DNM3
PICALM	ITSN1
PICALM	CPPED1
PICALM	AGTR1
AFP	KRT19
AFP	CST3
LAMP2	STOM
LAMP2	FPR1
PSMB3	NFKBIA
PSMB3	SMURF2
PSMB3	AJUBA
PSMB3	LIMD1
PSMB3	TNFRSF12A
CNDP2	GLUL
CNDP2	GGT5
RPS3	DOCK4
PSMC2	NFKBIA
PSMC2	SMURF2
PSMC2	AJUBA
PSMC2	LIMD1
PSMC2	TNFRSF12A
HSPA4	HSPB1
HSPA4	HSPA1A
NAMPT	NT5E
UCHL3	LMO7
ARPC3	HIP1R
ARPC3	EGF
ARPC3	FNBP1L
ARPC3	FCGR2A
ARPC3	DAB2
ARPC3	BAIAP2
ARPC3	SYNJ2
ARPC3	AMPH
ARPC3	DNM3
ARPC3	ITSN1
ARPC3	AGTR1
SCP2	CAV1
SCP2	STX7
ARPC4	HIP1R
ARPC4	EGF
ARPC4	FNBP1L
ARPC4	FCGR2A
ARPC4	DAB2
ARPC4	BAIAP2
ARPC4	SYNJ2
ARPC4	AMPH
ARPC4	DNM3
ARPC4	ITSN1
ARPC4	AGTR1
AXL	TENC1
AXL	JAK2
AXL	PIK3R1
RPS10	DOCK4
MAPRE1	AJUBA
MAPRE1	RCC2
CCT2	SPHK1
CCT2	CPPED1
USO1	ANK3
USO1	ANK2
USO1	AREG
ITIH2	CST3
FASN	ACSL1
MINPP1	SYNJ2
CPM	CNTN3
CPM	CD109
CPM	NTM
IGF2	TGFB3
IGF2	CDH1
IGF2	EGF
IGF2	IGF1R
IGF2	INSR
IGF2	IRS2
IGF2	VEGFA
KRT80	KRT19
FGF7	EGF
FGF7	FGFR2
FGF7	PIK3R1
ANGPT1	RASA1
ANGPT1	ITGA5
ANGPT1	ANGPT2
ANGPT1	TEK
ANGPT1	PIK3R1
ANGPT1	VEGFA
FUCA2	CPPED1
FUCA2	CST3
FABP5	CPPED1
CLTC	EFNB1
CLTC	HIP1R
CLTC	EGF
CLTC	FNBP1L
CLTC	DAB2
CLTC	EPHB3
CLTC	SYNJ2
CLTC	AMPH
CLTC	FZD5
CLTC	DNM3
CLTC	ROR2
CLTC	ITSN1
CLTC	RDX
CLTC	AGTR1
OTUB1	ESR1
PRSS1	MMP7
SET	ESR1
CTTN	HIP1R
CTTN	CDH1
CTTN	EGF
CTTN	FNBP1L
CTTN	TJP1
CTTN	DAB2
CTTN	SYNJ2
CTTN	AMPH
CTTN	MYLK
CTTN	DMD
CTTN	DNM3
CTTN	ITSN1
CTTN	AGTR1
CTSL	CST3
RPL5	DOCK4
COPS8	DCUN1D3
COPS8	ZBTB16
COPS8	CISH
COPS8	LMO7
LFNG	NOTCH2
LFNG	NOTCH1
FSTL3	CST3
PYGM	PHKA1
ACTR3	HIP1R
ACTR3	EGF
ACTR3	FNBP1L
ACTR3	FCGR2A
ACTR3	DAB2
ACTR3	BAIAP2
ACTR3	SYNJ2
ACTR3	AMPH
ACTR3	DNM3
ACTR3	ITSN1
ACTR3	AGTR1
DCTN2	AJUBA
DCTN2	ANK3
DCTN2	ANK2
DCTN2	AR
DCTD	NT5E
RPLP1	DOCK4
RPS21	DOCK4
ARPC5	HIP1R
ARPC5	EGF
ARPC5	FNBP1L
ARPC5	FCGR2A
ARPC5	DAB2
ARPC5	BAIAP2
ARPC5	SYNJ2
ARPC5	AMPH
ARPC5	DNM3
ARPC5	ITSN1
ARPC5	AGTR1
PDGFD	EGF
PDGFD	PDGFA
PDGFD	PLAU
PDGFD	PDGFC
GRN	SORT1
GRN	CPPED1
TOM1	SLC2A3
TOM1	STOM
TOM1	RAP2B
TOM1	PLAU
TOM1	PTPRJ
TOM1	ITGAM
TOM1	FPR1
ADAM10	SLC2A3
ADAM10	HBEGF
ADAM10	JAG1
ADAM10	NOTCH2
ADAM10	CDH1
ADAM10	EGF
ADAM10	NOTCH1
ADAM10	STOM
ADAM10	RAP2B
ADAM10	EPHA2
ADAM10	DLL1
ADAM10	PLAU
ADAM10	CST3
ADAM10	PTPRJ
ADAM10	ITGAM
PLXNB2	SEMA7A
PLXNB2	SEMA4F
PLXNB2	PLXNB1
CAPZA2	ANK3
CAPZA2	ANK2
CAPZA2	AR
COPS7A	DCUN1D3
COPS7A	ZBTB16
COPS7A	CISH
COPS7A	LMO7
PFDN2	SLMAP
KRT78	KRT19
B4GALT4	FUT4
SNAPIN	HIP1R
SNAPIN	SORT1
AP1S1	HIP1R
AP1S1	SORT1
AP1S1	DNM3
NRP2	SEMA7A
NRP2	NRP1
NRP2	SEMA4F
NRP2	PLXNB1
NRP2	PLXNA2
NRP2	NRCAM
NRP2	PLXNA1
NRP2	VEGFA
PRCP	STOM
PRCP	FPR1
PCNA	ESR1
CRKL	TNS1
CRKL	IGF1R
CRKL	PIK3CD
CRKL	JAK2
CRKL	DBNL
CRKL	PIK3R1
CARS1	ABTB1
CARS1	WARS2
VAPA	STOM
VAPA	FPR1
RPS12	DOCK4
RAB1A	ANK3
RAB1A	ANK2
RAB1A	AREG
RAB1A	RAB31
RPS4X	DOCK4
CALM3	KCNN4
CALM3	SLC9A1
CALM3	MYLK
CALM3	ATP2B1
CALM3	MARCKS
RPL24	DOCK4
LPL	SORT1
LPL	ACSL1
TFPI	F3
PPP1R12A	MYLK
PPP1R12A	PPP1CB
LIMA1	CDH1
COPS3	DCUN1D3
COPS3	ZBTB16
COPS3	CISH
COPS3	LMO7
GGT5	ANPEP
GGT5	GLUL
GGT5	DPEP1
MAP1A	DLG2
RPL10A	DOCK4
VPS35	SORT1
VPS35	WLS
APP	BDKRB1
APP	TGFB3
APP	EGF
APP	NOTCH1
APP	PTGER1
APP	TNFRSF21
APP	S1PR1
APP	GRM5
APP	ADRA1B
APP	P2RY2
APP	ADCY4
APP	F2R
APP	HTR1F
APP	TAS1R1
APP	NPY2R
APP	SSTR2
APP	ADORA1
APP	GNAI3
APP	LPAR1
APP	S1PR3
APP	HRH1
APP	CST3
APP	AGTR1
APP	CDK5
APP	PIK3R1
APP	GPR68
APP	BDKRB2
APP	FPR1
APP	VEGFA
APP	P2RY6
CCT5	SPHK1
SNX3	WLS
SNX3	STX7
PSMB8	NFKBIA
PSMB8	SMURF2
PSMB8	AJUBA
PSMB8	SAMHD1
PSMB8	LIMD1
PSMB8	TNFRSF12A
LAMP1	STOM
LAMP1	FPR1
COPG1	ANK3
COPG1	ANK2
CD63	STOM
CD63	FPR1
COL15A1	MMP7
RPS28	DOCK4
EPN1	HIP1R
EPN1	EGF
EPN1	FNBP1L
EPN1	DAB2
EPN1	SYNJ2
EPN1	AMPH
EPN1	DNM3
EPN1	ITSN1
EPN1	AGTR1
DBN1	CDK5
LMAN2	AREG
RAP1B	CDH1
RAP1B	STOM
RAP1B	TIAM1
RAP1B	AGTRAP
RAP1B	PRKD1
RAP1B	RASGRP2
RAP1B	PLCE1
RAP1B	DOCK4
RAP1B	PIK3R1
RAP1B	ITGAM
RAP1B	FPR1
FUCA1	CPPED1
RPSA	DOCK4
RGMB	RGMA
RGMB	GREM1
KTN1	CST3
SEMA5A	NRP1
SEMA5A	PLXNB1
OLA1	TGFB3
OLA1	EGF
OLA1	VEGFA
RPS20	DOCK4
PSMB6	NFKBIA
PSMB6	SMURF2
PSMB6	AJUBA
PSMB6	LIMD1
PSMB6	TNFRSF12A
RAB11B	RAB31
BAG2	HSPA1A
UBE2L3	SMURF2
UBE2L3	NEDD4L
UBE2L3	NEDD4
RAB10	EXOC6
RAB10	MICAL1
RAB10	RAB31
SUMO2	RARA
STX12	STX7
GLB1	CPPED1
HEBP1	BDKRB1
HEBP1	S1PR1
HEBP1	ADCY4
HEBP1	HTR1F
HEBP1	TAS1R1
HEBP1	NPY2R
HEBP1	SSTR2
HEBP1	ADORA1
HEBP1	GNAI3
HEBP1	LPAR1
HEBP1	S1PR3
HEBP1	BDKRB2
HEBP1	FPR1
RAN	NFKBIA
CD81	CLDN1
SEC13	RCC2
SEC13	AREG
NIT2	CST3
NIT2	DBNL
GCLM	ANPEP
GCLM	GLUL
GCLM	GGT5
POGLUT1	NOTCH2
POGLUT1	NOTCH1
PTPRK	EGF
RAB1B	ANK3
RAB1B	ANK2
RAB1B	AREG
RAB1B	RAB31
HIKESHI	HSPA1A
ARF3	ANK3
ARF3	ANK2
IDH1	CST3
IDH1	DBNL
SRGN	TGFB3
SRGN	EGF
SRGN	VEGFA
CDC37	HBEGF
CDC37	EGF
CDC37	PIK3R1
HLA-B	SAMHD1
HLA-B	VCAM1
HLA-B	GBP1
HLA-B	KLRD1
COPE	ANK3
COPE	ANK2
FLG2	CST3
FLG2	DBNL
SND1	AGTRAP
SND1	JAK2
HNRNPH1	NAMPT
RPS23	DOCK4
SAA1	BDKRB1
SAA1	PTGER1
SAA1	S1PR1
SAA1	GRM5
SAA1	ADRA1B
SAA1	P2RY2
SAA1	ADCY4
SAA1	F2R
SAA1	HTR1F
SAA1	TAS1R1
SAA1	NPY2R
SAA1	SSTR2
SAA1	ADORA1
SAA1	GNAI3
SAA1	LPAR1
SAA1	S1PR3
SAA1	HRH1
SAA1	AGTR1
SAA1	PIK3R1
SAA1	GPR68
SAA1	BDKRB2
SAA1	FPR1
SAA1	P2RY6
RPL11	DOCK4
CBFB	LIFR
CBFB	TJP1
CBFB	ITGA5
CBFB	CTLA4
CBFB	SMAD3
CBFB	AR
CBFB	ESR1
MAPK1	NFKBIA
MAPK1	HSPB1
MAPK1	RARA
MAPK1	CDH1
MAPK1	SLC9A1
MAPK1	EGF
MAPK1	IGF1R
MAPK1	RASA1
MAPK1	S1PR1
MAPK1	PRKCE
MAPK1	SPHK1
MAPK1	BAIAP2
MAPK1	AGTRAP
MAPK1	F2R
MAPK1	SMAD3
MAPK1	MYLK
MAPK1	IL6R
MAPK1	GNAI3
MAPK1	HSPA1A
MAPK1	S1PR3
MAPK1	IRS2
MAPK1	JAK2
MAPK1	CPPED1
MAPK1	MBP
MAPK1	ESR1
MAPK1	FGFR2
MAPK1	ATP1A1
COPZ1	ANK3
COPZ1	ANK2
STIP1	AR
STIP1	HSPA1A
MMP7	CDH1
GLA	CPPED1
TPR	HSPA1A
STOM	SLC2A3
STOM	RAP2B
STOM	PLAU
STOM	PTPRJ
STOM	ITGAM
STOM	FPR1
UBE2I	NFKBIA
UBE2I	RARA
UBE2I	ING2
UBE2I	AR
UBE2I	ESR1
IST1	CPPED1
PHPT1	KCNN4
RNASET2	CPPED1
LTF	CST3
LTF	DBNL
PENK	BDKRB1
PENK	S1PR1
PENK	ADCY4
PENK	HTR1F
PENK	TAS1R1
PENK	NPY2R
PENK	SSTR2
PENK	ADORA1
PENK	GNAI3
PENK	LPAR1
PENK	S1PR3
PENK	CST3
PENK	AGTR1
PENK	BDKRB2
PENK	FPR1
NUDC	RCC2
LDLR	HIP1R
LDLR	EGF
LDLR	FNBP1L
LDLR	DAB2
LDLR	SYNJ2
LDLR	AMPH
LDLR	DNM3
LDLR	ITSN1
LDLR	AGTR1
PDGFRA	EGF
PDGFRA	RASA1
PDGFRA	SPHK1
PDGFRA	CAV1
PDGFRA	CAV3
PDGFRA	PDGFA
PDGFRA	SHB
PDGFRA	JAK2
PDGFRA	PDGFC
PDGFRA	PIK3R1
PDGFRA	VEGFA
LTA4H	CST3
LTA4H	DBNL
PRL	HBEGF
PRL	EGF
PRL	IRS2
PRL	JAK2
PRL	ESR1
PSMD1	NFKBIA
PSMD1	SMURF2
PSMD1	AJUBA
PSMD1	LIMD1
PSMD1	TNFRSF12A
PSMD1	CPPED1
CXCL12	BDKRB1
CXCL12	RAP2A
CXCL12	PTGER1
CXCL12	S1PR1
CXCL12	ADRA1B
CXCL12	P2RY2
CXCL12	ADCY4
CXCL12	HTR1F
CXCL12	TAS1R1
CXCL12	NPY2R
CXCL12	SSTR2
CXCL12	ADORA1
CXCL12	GNAI3
CXCL12	LPAR1
CXCL12	S1PR3
CXCL12	JAK2
CXCL12	ESR1
CXCL12	PIK3R1
CXCL12	BDKRB2
CXCL12	FPR1
CXCL12	VEGFA
PPP1R7	PPP1CB
GRB2	ITGB4
GRB2	EFNB1
GRB2	HBEGF
GRB2	LIFR
GRB2	EGF
GRB2	IGF1R
GRB2	CSF1R
GRB2	INSR
GRB2	S1PR1
GRB2	DAB2
GRB2	PRKD1
GRB2	CAV1
GRB2	SH2B3
GRB2	PDGFA
GRB2	EPHA2
GRB2	KIRREL
GRB2	IL6R
GRB2	IRS2
GRB2	TEK
GRB2	ALOX15B
GRB2	IL6ST
GRB2	JAK2
GRB2	IL4R
GRB2	IL15RA
GRB2	DOCK4
GRB2	ESR1
GRB2	FGFR2
GRB2	PIK3R1
GRB2	ANGPT1
GRB2	VEGFA
COL18A1	ITGA3
COL18A1	MMP7
COL18A1	ITGA5
COL18A1	VEGFA
ACLY	CPPED1
NDUFV2	NOTCH2
AGA	CPPED1
COL7A1	AREG
UBE2N	NFKBIA
UBE2N	SMURF2
UBE2N	TLR3
UBE2N	ZBTB16
UBE2N	IRAK1
UBE2N	TLR4
UBE2N	NEDD4L
UBE2N	NEDD4
UBE2N	LMO7
SEC31A	AREG
RAC1	EFNB1
RAC1	EXOC6
RAC1	CDH1
RAC1	EGF
RAC1	NRP1
RAC1	FCGR2A
RAC1	EPS8
RAC1	FZD7
RAC1	TIAM1
RAC1	ITGA5
RAC1	S1PR1
RAC1	BAIAP2
RAC1	RHOJ
RAC1	CADM1
RAC1	EPHB3
RAC1	EPHA2
RAC1	PLXNB1
RAC1	MYLK
RAC1	DMD
RAC1	RHOU
RAC1	PLXNA2
RAC1	GNAI3
RAC1	TLR4
RAC1	ROR2
RAC1	S1PR3
RAC1	PIK3CD
RAC1	SHB
RAC1	ITSN1
RAC1	KLRD1
RAC1	PLXNA1
RAC1	PPP1CB
RAC1	DOCK4
RAC1	CDK5
RAC1	PIK3R1
LYZ	CPPED1
LYZ	CST3
LYZ	DBNL
HSPA9	TLR4
HSPA9	HSPA1A
VPS26A	SORT1
VPS26A	WLS
FMOD	TGFB3
DCUN1D1	DCUN1D3
DCUN1D1	ZBTB16
DCUN1D1	CISH
DCUN1D1	LMO7
PTPA	INSR
CREG1	CPPED1
DUT	NT5E
DUT	HSPA1A
SERPINC1	TFPI
SERPINC1	F3
SERPINC1	CST3
NECTIN2	CDH1
PAFAH1B1	AJUBA
PAFAH1B1	RCC2
PPP1CB	PRKCE
PPP1CB	TGFBR2
PPP1CB	MYLK
FHL2	AR
TOLLIP	IRAK2
TOLLIP	IRAK1
TOLLIP	TLR4
TOLLIP	CPPED1
TOLLIP	IL1R1
FTH1	HIP1R
FTH1	SORT1
FTH1	CST3
FTH1	DBNL
PSMD5	NFKBIA
PSMD5	SMURF2
PSMD5	AJUBA
PSMD5	LIMD1
PSMD5	TNFRSF12A
TWF2	CAP2
SKP1	NFKBIA
SKP1	SMURF2
SKP1	NOTCH1
SKP1	DCUN1D3
SKP1	SMAD3
SKP1	ZBTB16
SKP1	JAK2
SKP1	NEDD4L
SKP1	CISH
SKP1	NEDD4
SKP1	LMO7
COPS4	DCUN1D3
COPS4	ZBTB16
COPS4	CISH
COPS4	LMO7
COPA	ANK3
COPA	ANK2
NECAP2	HIP1R
NECAP2	EGF
NECAP2	FNBP1L
NECAP2	DAB2
NECAP2	SYNJ2
NECAP2	AMPH
NECAP2	DNM3
NECAP2	ITSN1
NECAP2	AGTR1
CD59	SLC2A3
CD59	ANK3
CD59	STOM
CD59	RAP2B
CD59	ANK2
CD59	PLAU
CD59	AREG
CD59	PTPRJ
CD59	ITGAM
RPS14	DOCK4
LAMB2	ITGA3
LAMB2	ITGB4
LAMB2	NTN4
LAMB2	DMD
LAMB2	CST3
AGRN	ITGA3
AGRN	ITGA5
AGRN	DOK7
AGRN	DMD
PSME3	NFKBIA
PSME3	SMURF2
PSME3	AJUBA
PSME3	LIMD1
PSME3	TNFRSF12A
RAB14	SLC2A3
RAB14	EXOC6
RAB14	STOM
RAB14	RAP2B
RAB14	PLAU
RAB14	ITGAM
RAB14	RAB31
RAB6A	NOTCH2
RAB6A	NOTCH1
RAB6A	RAB31
ATP6V1B2	INSR
LAMTOR3	SLC2A3
LAMTOR3	STOM
LAMTOR3	RAP2B
LAMTOR3	PLAU
LAMTOR3	PTPRJ
LAMTOR3	ITGAM
NARS1	WARS2
RPS15A	DOCK4
CENPF	RCC2
TFG	AREG
MYOF	VEGFA
PRKACA	NFKBIA
PRKACA	RARA
PRKACA	AJUBA
PRKACA	SLC9A1
PRKACA	IGF1R
PRKACA	PTGIR
PRKACA	PRKCE
PRKACA	ADCY4
PRKACA	KCNB1
PRKACA	AR
PRKACA	ITPR2
PRKACA	JAK2
PRKACA	KCNS3
PRKACA	ESR1
PRKACA	VEGFA
FGFR1	EGF
FGFR1	PDGFA
FGFR1	PIK3CD
FGFR1	PIK3R1
FGFR1	MYO18A
FGFR1	VEGFA
RECK	CNTN3
RECK	CD109
RECK	NTM
RPL30	DOCK4
PA2G4	CPPED1
ARPC1B	FCGR2A
ARPC1B	BAIAP2
ARPC1B	ITSN1
RPS19	DOCK4
EPS15L1	HIP1R
EPS15L1	EGF
EPS15L1	FNBP1L
EPS15L1	DAB2
EPS15L1	SYNJ2
EPS15L1	AMPH
EPS15L1	DNM3
EPS15L1	ITSN1
EPS15L1	AGTR1
ARPC2	HIP1R
ARPC2	EGF
ARPC2	FNBP1L
ARPC2	FCGR2A
ARPC2	DAB2
ARPC2	BAIAP2
ARPC2	SYNJ2
ARPC2	AMPH
ARPC2	DNM3
ARPC2	ITSN1
ARPC2	AGTR1
RPS25	DOCK4
GLUL	GGT5
DNAJB11	HSPA1A
HRNR	CPPED1
UBE2A	SMURF2
UBE2A	ZBTB16
UBE2A	PLAU
UBE2A	HSPA1A
UBE2A	NEDD4L
UBE2A	NEDD4
UBE2A	LMO7
RPS13	DOCK4
PSMC6	NFKBIA
PSMC6	SMURF2
PSMC6	AJUBA
PSMC6	LIMD1
PSMC6	TNFRSF12A
LEP	NAMPT
LEP	IRS2
LEP	JAK2
LEP	VEGFA
FAS	TNFRSF10A
FAS	HSPB1
FAS	PTPN13
FAS	PIK3R1
GGCT	ANPEP
GGCT	GGT5
PDCD1LG2	CTLA4
SPON2	ITGAM
RPL22	DOCK4
PPIF	PRKCE
PPIF	STX7
ARF4	EGF
ARF4	ANK3
ARF4	ANK2
SFRP1	WNT6
SFRP1	DKK1
SORBS3	MYLK
CDC42	EFNB1
CDC42	CDH1
CDC42	EGF
CDC42	FNBP1L
CDC42	FCGR2A
CDC42	EPS8
CDC42	TIAM1
CDC42	CDC42EP3
CDC42	PRKCE
CDC42	BAIAP2
CDC42	RHOJ
CDC42	EPHB3
CDC42	MYLK
CDC42	DMD
CDC42	RHOU
CDC42	GNAI3
CDC42	RCC2
CDC42	PIK3CD
CDC42	ITSN1
CDC42	CDON
CDC42	DAAM1
CDC42	PPP1CB
CDC42	DOCK4
CDC42	PIK3R1
CDC42	VEGFA
TRAPPC3	AREG
ROR1	FZD5
ROR1	ROR2
RARRES2	GPR1
GNG12	BDKRB1
GNG12	PTGER2
GNG12	PTGIR
GNG12	PTGER1
GNG12	S1PR1
GNG12	PRKCE
GNG12	DRD5
GNG12	GRM5
GNG12	ADRA1B
GNG12	P2RY2
GNG12	ADCY4
GNG12	CACNB2
GNG12	F2R
GNG12	HTR1F
GNG12	KCNJ15
GNG12	TAS1R1
GNG12	NPY2R
GNG12	SSTR2
GNG12	FZD5
GNG12	ADORA1
GNG12	GNAI3
GNG12	LPAR1
GNG12	S1PR3
GNG12	ITPR2
GNG12	HRH1
GNG12	CACNA2D2
GNG12	AGTR1
GNG12	PIK3R1
GNG12	GPR68
GNG12	BDKRB2
GNG12	FPR1
GNG12	P2RY6
RPS26	DOCK4
SERPINF2	TGFB3
SERPINF2	EGF
SERPINF2	VEGFA
CDO1	ANPEP
CDO1	CDON
RANBP2	RCC2
RANBP2	HSPA1A
PPP2R1A	AJUBA
PPP2R1A	EGF
PPP2R1A	SLMAP
PPP2R1A	INSR
PPP2R1A	CTLA4
PPP2R1A	TGFBR2
PPP2R1A	RCC2
PPP2R1A	PPP1CB
ISG15	SAMHD1
ISG15	NEDD4
SNX18	HIP1R
SNX18	EGF
SNX18	FNBP1L
SNX18	DAB2
SNX18	SYNJ2
SNX18	AMPH
SNX18	DNM3
SNX18	ITSN1
SNX18	AGTR1
ILF2	CST3
ILF2	DBNL
ARSB	CPPED1
SLC1A5	SLC38A2
STAM	HIP1R
STAM	EGF
STAM	FNBP1L
STAM	LRIG1
STAM	DAB2
STAM	SYNJ2
STAM	AMPH
STAM	DNM3
STAM	ITSN1
STAM	JAK2
STAM	AGTR1
PDCD10	SLMAP
PDCD10	PTPN13
F2	BDKRB1
F2	TFPI
F2	PTGER1
F2	GRM5
F2	ADRA1B
F2	P2RY2
F2	F2R
F2	F3
F2	PLAU
F2	LPAR1
F2	HRH1
F2	AGTR1
F2	PIK3R1
F2	GPR68
F2	BDKRB2
F2	FPR1
F2	P2RY6
EHD2	MYOF
UBE2D3	SMURF2
UBE2D3	AJUBA
UBE2D3	EGF
UBE2D3	LIMD1
UBE2D3	TLR3
UBE2D3	SMAD3
UBE2D3	ZBTB16
UBE2D3	TLR4
UBE2D3	NEDD4L
UBE2D3	NEDD4
UBE2D3	LMO7
ATP6V1E1	INSR
KRT82	KRT19
KRT84	KRT19
OXSR1	RELL1
RPS11	DOCK4
VPS29	WLS
ITGB1	ITGA3
ITGB1	TNS1
ITGB1	ITGB4
ITGB1	ITGB8
ITGB1	TGFB3
ITGB1	NT5E
ITGB1	SEMA7A
ITGB1	EGF
ITGB1	ITGB7
ITGB1	ITGA5
ITGB1	VCAM1
ITGB1	CTLA4
ITGB1	PRKD1
ITGB1	CAV1
ITGB1	MYLK
ITGB1	DMD
ITGB1	ADAM12
ITGB1	ITGA10
ITGB1	PLAU
ITGB1	TEK
ITGB1	PIK3R1
ITGB1	ANGPT1
ITGB1	ITGAM
ITGB1	VEGFA
S100A8	IRAK1
S100A8	TLR4
ACTR2	HIP1R
ACTR2	EGF
ACTR2	FNBP1L
ACTR2	FCGR2A
ACTR2	DAB2
ACTR2	BAIAP2
ACTR2	SYNJ2
ACTR2	AMPH
ACTR2	DNM3
ACTR2	ITSN1
ACTR2	CPPED1
ACTR2	DBNL
ACTR2	AGTR1
RPS3A	DOCK4
DCTN3	AJUBA
DCTN3	ANK3
DCTN3	ANK2
DCTN3	AR
B2M	VCAM1
B2M	GBP1
B2M	KLRD1
B2M	CST3
B2M	DBNL
B2M	PIK3R1
IFITM1	SAMHD1
RAB2A	RAB31
ULBP2	CNTN3
ULBP2	CD109
ULBP2	NTM
UBE2L6	SMURF2
UBE2L6	ZBTB16
UBE2L6	NEDD4L
UBE2L6	NEDD4
UBE2L6	LMO7
NEDD8	DCUN1D3
NEDD8	ZBTB16
NEDD8	TGFBR2
NEDD8	ESR1
NEDD8	CISH
NEDD8	LMO7
GSS	ANPEP
GSS	GGT5
ALPL	CNTN3
ALPL	CD109
ALPL	NTM
APRT	NT5E
PTP4A2	CNNM4
CADM3	CADM1
SGCE	CAV3
SGCE	DMD
SPP2	CST3
IL1RL1	IRAK1
MPRIP	AGTRAP
MPRIP	JAK2
AP2S1	EFNB1
AP2S1	HIP1R
AP2S1	EGF
AP2S1	FNBP1L
AP2S1	DAB2
AP2S1	EPHB3
AP2S1	SYNJ2
AP2S1	AMPH
AP2S1	FZD5
AP2S1	DNM3
AP2S1	ROR2
AP2S1	ITSN1
AP2S1	RDX
AP2S1	AGTR1
ELOB	SMURF2
ELOB	AJUBA
ELOB	LIMD1
ELOB	DCUN1D3
ELOB	ZBTB16
ELOB	NEDD4L
ELOB	CISH
ELOB	NEDD4
ELOB	LMO7
APC	CDH1
APC	NOTCH1
APC	FZD5
CCT6A	SPHK1
CSTA	TGM1
CSTA	PKP3
HSD17B4	ACSL1
FTL	HIP1R
FTL	SORT1
FTL	CPPED1
RPL13	DOCK4
LAP3	ANPEP
LAP3	GGT5
CD44	NT5E
CD44	MMP7
CD44	CDH1
CD44	SLC9A1
CD44	EGF
CD44	ANK3
CD44	TIAM1
CD44	ANK2
CD44	GBP1
CD44	ITGAM
CD44	VEGFA
HMOX1	TLR4
HMOX1	VEGFA
CCT7	SPHK1
PSMB9	NFKBIA
PSMB9	SMURF2
PSMB9	AJUBA
PSMB9	LIMD1
PSMB9	TNFRSF12A
CD14	CSF1R
CD14	F2R
CD14	DNM3
CD14	IRAK1
CD14	TLR4
CD14	ITGAM
RACK1	IGF1R
RACK1	RASA1
RACK1	PRKCE
RACK1	AGTRAP
RACK1	PRKD1
RACK1	AR
RACK1	DOCK4
PSMB7	NFKBIA
PSMB7	SMURF2
PSMB7	AJUBA
PSMB7	LIMD1
PSMB7	TNFRSF12A
RABGGTB	RAB31
CAND1	DCUN1D3
CAND1	ZBTB16
CAND1	CISH
CAND1	LMO7
CLTA	EFNB1
CLTA	HIP1R
CLTA	EGF
CLTA	FNBP1L
CLTA	DAB2
CLTA	EPHB3
CLTA	SYNJ2
CLTA	AMPH
CLTA	FZD5
CLTA	DNM3
CLTA	ROR2
CLTA	ITSN1
CLTA	RDX
CLTA	AGTR1
A1BG	TGFB3
A1BG	EGF
A1BG	IL6R
A1BG	IL6ST
A1BG	PIK3R1
A1BG	VEGFA
VEGFC	TGFB3
VEGFC	EGF
VEGFC	IGF1R
VEGFC	TEK
VEGFC	PIK3R1
VEGFC	VEGFA
PSMD8	NFKBIA
PSMD8	SMURF2
PSMD8	AJUBA
PSMD8	LIMD1
PSMD8	TNFRSF12A
POFUT1	NOTCH2
POFUT1	NOTCH1
SLC3A2	SLC7A8
IGF2R	HIP1R
IGF2R	SORT1
IGF2R	EGF
IGF2R	FNBP1L
IGF2R	DAB2
IGF2R	SYNJ2
IGF2R	AMPH
IGF2R	DNM3
IGF2R	ITSN1
IGF2R	AGTR1
SBDS	STX7
PGM1	CST3
PGM1	DBNL
OSMR	IL6ST
OSMR	JAK2
RAB5A	HIP1R
RAB5A	CDH1
RAB5A	EGF
RAB5A	FNBP1L
RAB5A	EPS8
RAB5A	RIN1
RAB5A	DAB2
RAB5A	SYNJ2
RAB5A	AMPH
RAB5A	DNM3
RAB5A	ITSN1
RAB5A	AGTR1
RAB5A	RAB31
RAB5A	EHD1
RAB5C	HIP1R
RAB5C	SORT1
RAB5C	EGF
RAB5C	FNBP1L
RAB5C	STOM
RAB5C	RIN1
RAB5C	DAB2
RAB5C	SYNJ2
RAB5C	AMPH
RAB5C	DNM3
RAB5C	ITSN1
RAB5C	AGTR1
RAB5C	RAB31
RAB5C	FPR1
S100A10	AHNAK
RPL13A	DOCK4
UCHL5	SMURF2
UCHL5	TGFBR2
UCHL5	NEDD4L
GNB1	BDKRB1
GNB1	RASD1
GNB1	PTGER2
GNB1	PTGIR
GNB1	PTGER1
GNB1	S1PR1
GNB1	PRKCE
GNB1	DRD5
GNB1	GRM5
GNB1	ADRA1B
GNB1	P2RY2
GNB1	ADCY4
GNB1	CACNB2
GNB1	F2R
GNB1	HTR1F
GNB1	KCNJ15
GNB1	TAS1R1
GNB1	NPY2R
GNB1	SSTR2
GNB1	FZD5
GNB1	ADORA1
GNB1	GNAI3
GNB1	LPAR1
GNB1	AR
GNB1	S1PR3
GNB1	ITPR2
GNB1	HRH1
GNB1	ESR1
GNB1	CACNA2D2
GNB1	AGTR1
GNB1	PIK3R1
GNB1	GPR68
GNB1	BDKRB2
GNB1	FPR1
GNB1	P2RY6
TNS1	PIK3R1
UBE2H	SMURF2
UBE2H	ZBTB16
UBE2H	NEDD4L
UBE2H	NEDD4
UBE2H	LMO7
PHF21A	ING2
RPL35A	DOCK4
ELOC	SMURF2
ELOC	AJUBA
ELOC	LIMD1
ELOC	DCUN1D3
ELOC	ZBTB16
ELOC	NEDD4L
ELOC	CISH
ELOC	NEDD4
ELOC	LMO7
VTA1	NEDD4L
RHOA	TNS1
RHOA	HBEGF
RHOA	CDH1
RHOA	EGF
RHOA	ITGB7
RHOA	RASA1
RHOA	TJP1
RHOA	TIAM1
RHOA	S1PR1
RHOA	RHOJ
RHOA	CAV1
RHOA	EPHA2
RHOA	PLXNB1
RHOA	TGFBR2
RHOA	RHOU
RHOA	GNAI3
RHOA	PLCE1
RHOA	TLR4
RHOA	S1PR3
RHOA	IRS2
RHOA	SHB
RHOA	ITSN1
RHOA	DAAM1
RHOA	PPP1CB
RHOA	PIK3R1
RHOA	CASP1
RHOA	ITGAM
RHOA	VEGFA
AKAP9	AJUBA
AKAP9	PRKCE
AKAP9	AGTRAP
AKAP9	JAK2
TMED9	ANK3
TMED9	ANK2
PARP1	SMAD3
CDKN2A	RRAS2
CDKN2A	SMAD3
CDKN2A	PIK3R1
VPS28	NEDD4L
HCFC1	PPP1CB
RAB40C	RAB31
HSPD1	TLR4
HSPD1	HSPA1A
LSAMP	CNTN3
LSAMP	CD109
LSAMP	NTM
RBX1	NFKBIA
RBX1	SMURF2
RBX1	AJUBA
RBX1	LIMD1
RBX1	NOTCH1
RBX1	DCUN1D3
RBX1	SMAD3
RBX1	ZBTB16
RBX1	JAK2
RBX1	NEDD4L
RBX1	CISH
RBX1	NEDD4
RBX1	LMO7
WNT5B	WNT6
WNT5B	FZD7
WNT5B	WLS
WNT5B	FZD5
WNT5B	DAAM1
GLUD1	GLUL
GLUD1	GGT5
LY96	IRAK2
LY96	DNM3
LY96	IRAK1
LY96	TLR4
DYNLL1	SLC2A3
DYNLL1	AJUBA
DYNLL1	ANK3
DYNLL1	STOM
DYNLL1	RAP2B
DYNLL1	ANK2
DYNLL1	PLAU
DYNLL1	AR
DYNLL1	RCC2
DYNLL1	ITGAM
TXNDC12	GGT5
NEGR1	CNTN3
NEGR1	CD109
NEGR1	NTM
SDCBP	EFNB1
SDCBP	EPHB3
SDCBP	CPPED1
ALDH9A1	ADH1A
ALDH9A1	GLUL
ALDH9A1	ADH1C
COPS6	DCUN1D3
COPS6	ZBTB16
COPS6	CISH
COPS6	LMO7
DDX5	ESR1
PSMD9	NFKBIA
PSMD9	SMURF2
PSMD9	AJUBA
PSMD9	LIMD1
PSMD9	TNFRSF12A
COG6	ANK3
COG6	ANK2
DCTN1	ANK3
DCTN1	ANK2
DCTN1	AR
RPL23	DOCK4
TGM2	ADRA1B
SPAG9	CDON
AGFG1	HIP1R
AGFG1	EGF
AGFG1	FNBP1L
AGFG1	DAB2
AGFG1	SYNJ2
AGFG1	AMPH
AGFG1	DNM3
AGFG1	ITSN1
AGFG1	AGTR1
SDC4	TFPI
SDC4	FZD7
SDC4	ADAM12
KRT31	KRT19
KRT33B	KRT19
ST3GAL3	NOTCH2
ST3GAL3	NOTCH1
QPCT	CST3
QPCT	DBNL
ATP6V1G1	INSR
JUP	ITGB4
JUP	TGM1
JUP	MMP7
JUP	CDH1
JUP	AJUBA
JUP	ITGB7
JUP	CDH11
JUP	PKP3
JUP	PIK3R1
SF1	AHNAK
USP15	SMURF2
USP15	SMAD3
USP15	TGFBR2
USP15	NEDD4L
AP1S2	HIP1R
AP1S2	SORT1
AP1S2	DNM3
NAPA	STX1B
NAPA	HIP1R
NAPA	SORT1
NAPA	ANK3
NAPA	STXBP6
NAPA	ANK2
NAPA	STX7
NAPA	AREG
GM2A	CPPED1
VASP	CDH1
VASP	BAIAP2
VASP	RAPH1
PDCD6IP	NEDD4L
PPP1R18	PPP1CB
IL6	NAMPT
IL6	LIFR
IL6	EGF
IL6	NOTCH1
IL6	VCAM1
IL6	TLR3
IL6	F3
IL6	IL6R
IL6	TLR4
IL6	IL6ST
IL6	JAK2
IL6	IL4R
IL6	CST3
IL6	IL1R1
IL6	ITGAM
IL6	VEGFA
KNG1	BDKRB1
KNG1	TGFB3
KNG1	EGF
KNG1	PTGER1
KNG1	S1PR1
KNG1	GRM5
KNG1	ADRA1B
KNG1	P2RY2
KNG1	ADCY4
KNG1	F2R
KNG1	HTR1F
KNG1	TAS1R1
KNG1	NPY2R
KNG1	SSTR2
KNG1	ADORA1
KNG1	GNAI3
KNG1	LPAR1
KNG1	S1PR3
KNG1	HRH1
KNG1	CST3
KNG1	AGTR1
KNG1	PIK3R1
KNG1	GPR68
KNG1	ITGAM
KNG1	BDKRB2
KNG1	FPR1
KNG1	VEGFA
KNG1	P2RY6
YKT6	STX1B
YKT6	ANK3
YKT6	ANK2
YKT6	STX7
YKT6	AREG
RPL38	DOCK4
COPB1	SLC2A3
COPB1	ANK3
COPB1	STOM
COPB1	RAP2B
COPB1	ANK2
COPB1	PLAU
COPB1	ITSN1
COPB1	ITGAM
CAVIN3	CAV1
PSMC3	NFKBIA
PSMC3	SMURF2
PSMC3	AJUBA
PSMC3	LIMD1
PSMC3	TNFRSF12A
APLP2	CST3
CEP290	AJUBA
CNTRL	AJUBA
DST	ITGB4
KCNH5	KCNAB1
LRP2	HIP1R
LRP2	EGF
LRP2	FNBP1L
LRP2	DAB2
LRP2	PTCH1
LRP2	SYNJ2
LRP2	AMPH
LRP2	DNM3
LRP2	ITSN1
LRP2	CDON
LRP2	AGTR1
OFD1	AJUBA
PDS5A	RCC2
KARS1	WARS2
CCT3	SPHK1
TTN	CAV3
TTN	DMD
NCOA4	PTCH1
NCOA4	AR
TNRC6B	NOTCH2
TNRC6B	NOTCH1
TNRC6B	ESR1
GFRA1	CDH1
GFRA1	RASA1
GFRA1	IRS2
GFRA1	PIK3CD
GFRA1	PIK3R1
GTF2E1	RARA
GTF2E1	ESR1
EIF4G1	HSPB1
EIF4G1	HSPA1A
EIF4G1	CASP1
JAK3	LIFR
JAK3	PRKCE
JAK3	IL6R
JAK3	IRS2
JAK3	PIK3CD
JAK3	IL6ST
JAK3	JAK2
JAK3	IL4R
JAK3	IL15RA
JAK3	CISH
JAK3	PIK3R1
KNTC1	RCC2
NCR3	NCR1
NCR3	KLRD1
NUTF2	CDH1
SIN3A	ING2
SIN3A	SMAD3
NT5C2	NAMPT
NT5C2	NT5E
NT5E	NAMPT
NT5E	MCAM
ABCG5	ATP1A4
ANGPT4	ANGPT2
ANGPT4	TEK
ANGPT4	ANGPT1
ANXA11	SLC9A3R2
AP1G1	HIP1R
AP1G1	SORT1
AP1G1	DNM3
AP1M1	SLC2A3
AP1M1	HIP1R
AP1M1	SORT1
AP1M1	CDH1
AP1M1	STOM
AP1M1	RAP2B
AP1M1	DNM3
AP1M1	PLAU
AP1M1	PTPRJ
AP1M1	ITGAM
LPA	ITGAM
GUSB	CPPED1
BOC	PTCH1
BOC	CDON
CAPN1	TNS1
CAPN1	CDH1
CAPN1	CDK5
CAPN1	PIK3R1
CASP3	ITGB4
CASP3	TNFRSF10A
CASP3	HSPB1
CASP3	CDH1
CASP3	TJP1
CASP3	IL16
CASP3	UNC5B
CASP3	LPAR1
CASP3	TNFRSF25
CASP3	DBNL
CASP3	CASP1
CASP14	TGM1
CTSC	CPPED1
CTSC	AREG
CTSK	MMP7
CENPJ	AJUBA
CHMP6	NEDD4L
CILP	IGF1R
CKAP4	SLC2A3
CKAP4	STOM
CKAP4	RAP2B
CKAP4	PLAU
CKAP4	CST3
CKAP4	PTPRJ
CKAP4	ITGAM
CKAP4	FPR1
CLASP1	AJUBA
CLASP1	RCC2
CLTB	EFNB1
CLTB	HIP1R
CLTB	EGF
CLTB	FNBP1L
CLTB	DAB2
CLTB	EPHB3
CLTB	SYNJ2
CLTB	AMPH
CLTB	FZD5
CLTB	DNM3
CLTB	ROR2
CLTB	ITSN1
CLTB	AGTR1
CLTCL1	EFNB1
CLTCL1	HIP1R
CLTCL1	EGF
CLTCL1	FNBP1L
CLTCL1	DAB2
CLTCL1	EPHB3
CLTCL1	SYNJ2
CLTCL1	AMPH
CLTCL1	DNM3
CLTCL1	ITSN1
CLTCL1	AGTR1
CLIP1	RCC2
COL4A3	ITGA3
COL16A1	ITGA10
GPS1	DCUN1D3
GPS1	ZBTB16
GPS1	CISH
GPS1	LMO7
COPS5	DCUN1D3
COPS5	ZBTB16
COPS5	CISH
COPS5	LMO7
COPS5	VEGFA
CYFIP1	FNBP1L
CYFIP1	FCGR2A
CYFIP1	BAIAP2
CYFIP1	SHB
CYFIP1	CST3
CYFIP1	DBNL
DHX33	CASP1
DLD	GLUL
DMD	CAV3
DMD	ANK2
DSC1	TGM1
DSC1	PKP3
DSG1	TGM1
DSG1	PKP3
DYNC1H1	AJUBA
DYNC1H1	ANK3
DYNC1H1	ANK2
DYNC1H1	AR
DYNC1H1	RCC2
DYNC1H1	CPPED1
ENPP1	NAMPT
ENPP1	NT5E
PROCR	F2R
FAT1	NFKBIA
FER	CDH1
AHSG	TGFB3
AHSG	EGF
AHSG	RGMB
AHSG	CST3
AHSG	RGMA
AHSG	VEGFA
IFI30	VCAM1
IFI30	GBP1
GNAI2	BDKRB1
GNAI2	RASD1
GNAI2	IGF1R
GNAI2	S1PR1
GNAI2	ADCY4
GNAI2	CACNB2
GNAI2	F2R
GNAI2	HTR1F
GNAI2	TAS1R1
GNAI2	NPY2R
GNAI2	UNC5B
GNAI2	SSTR2
GNAI2	ADORA1
GNAI2	RGS18
GNAI2	RGS16
GNAI2	GNAI3
GNAI2	RGS3
GNAI2	LPAR1
GNAI2	AR
GNAI2	S1PR3
GNAI2	ITPR2
GNAI2	RGS4
GNAI2	ESR1
GNAI2	CACNA2D2
GNAI2	BDKRB2
GNAI2	FPR1
GNAS	PTGER2
GNAS	IGF1R
GNAS	PTGIR
GNAS	PTGER1
GNAS	DRD5
GNAS	ADRA1B
GNAS	P2RY2
GNAS	ADCY4
GNAS	ESR1
GNAS	FPR1
GCLC	ANPEP
GCLC	GLUL
GCLC	GGT5
HINT1	ING2
HUWE1	SMURF2
HUWE1	ZBTB16
HUWE1	NEDD4L
HUWE1	NEDD4
HUWE1	LMO7
IGF1	HBEGF
IGF1	TGFB3
IGF1	CDH1
IGF1	EGF
IGF1	IGF1R
IGF1	INSR
IGF1	PRKD1
IGF1	PDGFA
IGF1	AR
IGF1	IRS2
IGF1	ALOX15B
IGF1	ESR1
IGF1	PDGFC
IGF1	PIK3R1
IGF1	VEGFA
IL6R	IL6ST
IL6R	JAK2
INHBB	ACVR2A
INHBB	SMAD3
INPP1	SYNJ2
ITGA1	ITGA3
ITGA1	TNS1
ITGA1	ITGB4
ITGA1	ITGB8
ITGA1	SEMA7A
ITGA1	EGF
ITGA1	ITGB7
ITGA1	ITGA5
ITGA1	CTLA4
ITGA1	CAV1
ITGA1	MYLK
ITGA1	DMD
ITGA1	ITGA10
ITGA1	PIK3R1
ITGA1	VEGFA
ITGAV	ITGA3
ITGAV	SLC2A3
ITGAV	ITGB4
ITGAV	ITGB8
ITGAV	TGFB3
ITGAV	ITGB7
ITGAV	IGF1R
ITGAV	CSF1R
ITGAV	STOM
ITGAV	CTLA4
ITGAV	SPHK1
ITGAV	RAP2B
ITGAV	TGFBR2
ITGAV	ITGA10
ITGAV	PLAU
ITGAV	SHB
ITGAV	PTPRJ
ITGAV	PIK3R1
ITGAV	ITGAM
ITGAV	VEGFA
PRKAR2A	PRKCE
PRKAR2A	ADCY4
PRKAR2A	KCNB1
PRKAR2A	ITPR2
PRKAR2A	KCNS3
CAMK2D	GRM5
CAMK2D	IFNGR1
CAMK2D	JAK2
CAMK2D	PPP1CB
PRKG2	RGS2
PRKG2	PPP1CB
PRKG2	ATP2B1
KRT83	KRT19
KRT85	KRT19
LAMA3	ITGA3
LAMA3	ITGB4
LAMA3	MMP7
LAMA3	NTN4
LAMA3	DMD
LIFR	IL6ST
LIFR	JAK2
LMOD1	MYLK
LRPPRC	IL6R
LRPPRC	JAK2
LRRC40	KCTD3
MAP4K4	EFNB1
MAP4K4	IRAK1
MAP4K4	TLR4
MAP4K4	IL1R1
MBTPS1	CST3
MED1	RARA
MED1	PLIN2
MED1	TNFRSF21
MED1	AR
MED1	ESR1
MED1	ACSL1
MFAP5	JAG1
MFAP5	NOTCH1
MAPK14	NFKBIA
MAPK14	HSPB1
MAPK14	RARA
MAPK14	SLC9A1
MAPK14	ANGPT2
MAPK14	SMAD3
MAPK14	KRT19
MAPK14	GNAI3
MAPK14	AR
MAPK14	TEK
MAPK14	CDON
MAPK14	IL4R
MAPK14	ESR1
MAPK14	ANGPT1
KMT2D	RARA
KMT2D	AJUBA
MOXD1	STX7
MTMR3	CDIPT
MYH3	DMD
MYLK	PRKCE
MYLK	PPP1CB
MYO9B	FCGR2A
MYO9B	RHOJ
MYO9B	RHOU
MME	ANPEP
OLFM4	CST3
OLFM4	DBNL
PDGFA	EGF
PDGFA	RASA1
PDGFA	SPHK1
PDGFA	PDGFC
PDGFA	PIK3R1
ACAN	MMP7
PPID	ESR1
PSMB10	NFKBIA
PSMB10	SMURF2
PSMB10	AJUBA
PSMB10	LIMD1
PSMB10	TNFRSF12A
PSMD2	NFKBIA
PSMD2	SMURF2
PSMD2	AJUBA
PSMD2	LIMD1
PSMD2	TNFRSF12A
PSMD6	NFKBIA
PSMD6	SMURF2
PSMD6	AJUBA
PSMD6	LIMD1
PSMD6	TNFRSF12A
PTPN11	EGF
PTPN11	IGF1R
PTPN11	INSR
PTPN11	CTLA4
PTPN11	SMAD3
PTPN11	UNC5B
PTPN11	IFNGR1
PTPN11	IL6R
PTPN11	GNAI3
PTPN11	TLR4
PTPN11	IRS2
PTPN11	PIK3CD
PTPN11	TEK
PTPN11	IL6ST
PTPN11	JAK2
PTPN11	KLRD1
PTPN11	FGFR2
PTPN11	PIK3R1
PTPN11	ANGPT1
PTPN11	VEGFA
PTPN13	EFNB1
PTPN13	SMAD3
PTPN13	PLEKHA1
ADSL	NT5E
CAD	GLUL
RAB7A	CDH1
RAB7A	RAB31
RIN3	RAB31
RPL18	DOCK4
RPL27	DOCK4
RPL31	DOCK4
POLR2H	RARA
POLR2H	AJUBA
POLR2H	ESR1
POLR2H	FGFR2
RRAS2	RASA1
RRAS2	TIAM1
RRAS2	PRKCE
RRAS2	RIN1
RRAS2	PLCE1
RRAS2	PIK3CD
RPS27	RCC2
RPS27	DOCK4
RPS5	DOCK4
RPS8	DOCK4
RSPO1	LGR6
RSPO1	DKK1
RSPO1	LGR4
RYR2	PPP1CB
SEC24C	AREG
SEMA3B	EFNB1
SEMA3B	NRP1
SEMA3B	PLXNB1
SEMA3B	PLXNA2
SEMA3B	PLXNA1
SEMA3C	NRP1
SEMA3C	PLXNB1
SEMA3C	PLXNA2
SEMA3C	PLXNA1
SEMA3G	NRP1
SEMA3G	PLXNB1
SEMA3G	PLXNA2
SEMA3G	PLXNA1
SLIT3	ROBO4
SORT1	HIP1R
SPRR2E	TGM1
SPRR2E	PKP3
SPTBN2	ANK3
SPTBN2	SCN8A
SPTBN2	ANK2
SPTBN2	NRCAM
STAB2	SLC9A1
STK10	SLC2A3
STK10	STOM
STK10	RAP2B
STK10	PLAU
STK10	PTPRJ
STK10	ITGAM
FARS2	WARS2
SARS2	WARS2
TCP1	SPHK1
TFRC	HIP1R
TFRC	SORT1
TFRC	EGF
TFRC	FNBP1L
TFRC	DAB2
TFRC	SYNJ2
TFRC	AMPH
TFRC	DNM3
TFRC	ITSN1
TFRC	AGTR1
TGFBR3	TGFB3
TGFBR3	ACVR2A
TGFBR3	TGFBR2
TNFSF12	TNFRSF12A
TNFSF12	TNFRSF25
TOR1A	TNFRSF25
PRSS3	CST3
PRSS3	DBNL
TNFAIP6	CST3
TNFAIP6	DBNL
TH	DRD5
VAMP3	STX1B
VAMP3	HIP1R
VAMP3	EGF
VAMP3	FNBP1L
VAMP3	DAB2
VAMP3	SYNJ2
VAMP3	AMPH
VAMP3	DNM3
VAMP3	STX7
VAMP3	ITSN1
VAMP3	AGTR1
VEGFD	TGFB3
VEGFD	EGF
VEGFD	ITGA5
VEGFD	TEK
VEGFD	PIK3R1
VEGFD	VEGFA
VIP	PTGER2
VIP	PTGIR
VIP	DRD5
VIP	ADCY4
VPS13A	XK
APOA1	MSR1
APOA1	CST3
CACNA2D4	CACNB2
CACNA2D4	CACNB4
CAPN2	CDK5
COPS2	DCUN1D3
COPS2	ZBTB16
COPS2	CISH
COPS2	LMO7
CSPG4	ITGA3
EP300	NFKBIA
EP300	RARA
EP300	NOTCH2
EP300	AJUBA
EP300	NOTCH1
EP300	ING2
EP300	SMAD3
EP300	AR
EP300	HSPA1A
EP300	ESR1
EP300	ABCB1
EP300	VEGFA
F10	TFPI
F10	F3
F10	ITGAM
GRHPR	AOC3
IMPDH2	NT5E
PPP1CA	TGFB3
PPP1CA	PRKCE
PPP1CA	RGMB
PPP1CA	TGFBR2
PPP1CA	ACVRL1
PPP1CA	PPP1CB
PPP1CA	RGMA
PPP3CA	SYNJ2
PPP3CA	ITPR2
PPP3CA	PPP1CB
ARHGAP20	RHOJ
ARHGAP20	RHOU
ARHGAP42	RHOJ
ARHGAP42	RHOU
RPL4	DOCK4
S100A7	CPPED1
SPTBN5	ANK3
SPTBN5	SCN8A
SPTBN5	ANK2
SPTBN5	NRCAM
SERPINA10	CST3
NEB	MYPN
NEB	DMD
ADAM17	HBEGF
ADAM17	JAG1
ADAM17	SORT1
ADAM17	NOTCH2
ADAM17	EGF
ADAM17	NOTCH1
ADAM17	DLL1
ADAM17	AREG
ADAM17	VEGFA
AP3B1	HIP1R
AP3B1	SORT1
AP3B1	AGTRAP
AP3B1	JAK2
APOB	HIP1R
APOB	SORT1
APOB	MSR1
APOB	EGF
APOB	FNBP1L
APOB	DAB2
APOB	SYNJ2
APOB	AMPH
APOB	DNM3
APOB	TLR4
APOB	ITSN1
APOB	CST3
APOB	AGTR1
APOB	ITGAM
CEP70	AJUBA
CNTN1	NOTCH2
CNTN1	NOTCH1
CNTN1	NRCAM
C5	BDKRB1
C5	S1PR1
C5	ADCY4
C5	HTR1F
C5	TAS1R1
C5	NPY2R
C5	SSTR2
C5	ADORA1
C5	GNAI3
C5	LPAR1
C5	S1PR3
C5	AGTR1
C5	BDKRB2
C5	FPR1
CAPNS1	CDH1
CAPNS1	CDK5
FNBP1	HIP1R
FNBP1	EGF
FNBP1	FNBP1L
FNBP1	DAB2
FNBP1	SYNJ2
FNBP1	AMPH
FNBP1	DNM3
FNBP1	ITSN1
FNBP1	AGTR1
MST1	ITGAM
HIP1	HIP1R
HIP1	EGF
HIP1	FNBP1L
HIP1	DAB2
HIP1	SYNJ2
HIP1	AMPH
HIP1	DNM3
HIP1	ITSN1
HIP1	AGTR1
LTBP3	TGFB3
NOG	RGMB
NOG	RGMA
NSF	STX1B
NSF	ANK3
NSF	ANK2
NSF	STX7
NSF	AREG
PFDN4	SLMAP
PGRMC1	SLC2A3
PGRMC1	STOM
PGRMC1	RAP2B
PGRMC1	PLAU
PGRMC1	PTPRJ
PGRMC1	ITGAM
PLG	TGFB3
PLG	MMP7
PLG	CDH1
PLG	EGF
PLG	F2R
PLG	F3
PLG	PLAU
PLG	TEK
PLG	ANGPT1
PLG	ITGAM
PLG	VEGFA
PLXND1	SEMA7A
PLXND1	NRP1
PLXND1	NOTCH1
PLXND1	SEMA4F
PORCN	WNT6
PORCN	WLS
PPP3CC	SYNJ2
RPS9	DOCK4
TTR	CPPED1
VNN2	CNTN3
VNN2	CD109
VNN2	NTM
XPO1	NFKBIA
XPO1	SMURF2
XPO1	TGFBR2
XPO1	RCC2
XPO1	NEDD4L
PRMT1	ESR1
ARPC1A	HIP1R
ARPC1A	EGF
ARPC1A	FNBP1L
ARPC1A	FCGR2A
ARPC1A	DAB2
ARPC1A	BAIAP2
ARPC1A	SYNJ2
ARPC1A	AMPH
ARPC1A	DNM3
ARPC1A	ITSN1
ARPC1A	AGTR1
PYCARD	CPPED1
PYCARD	CASP1
CA2	CDH1
CA2	SLC9A1
CA2	SLC4A4
CANT1	CST3
CANT1	DBNL
CAV1	TGFB3
CAV1	SMURF2
CAV1	EGF
CAV1	INSR
CAV1	SMAD3
CAV1	CAV3
CAV1	TGFBR2
CAV1	FZD5
CAV1	ACVRL1
CAV1	ESR1
COMMD2	DCUN1D3
COMMD2	ZBTB16
COMMD2	CISH
COMMD2	LMO7
COPB2	ANK3
COPB2	ANK2
CPNE1	STOM
CPNE1	FPR1
CTNNA1	MMP7
CTNNA1	CDH1
CTNNA1	AJUBA
CTNNA1	EGF
CTNNA1	ITGB7
CTNNA1	IGF1R
CTNNA1	CDH11
CTNNA1	TJP1
CTNNA1	EPHA2
CTNNA1	CDON
CTNNA1	LIMA1
CTNNA1	PTPRJ
CTNNA1	PIK3R1
CTNNA1	VEGFA
CTNNB1	TGFB3
CTNNB1	MMP7
CTNNB1	CDH1
CTNNB1	AJUBA
CTNNB1	EGF
CTNNB1	ITGB7
CTNNB1	IGF1R
CTNNB1	CDH11
CTNNB1	NOTCH1
CTNNB1	TJP1
CTNNB1	FZD7
CTNNB1	MAGI2
CTNNB1	EPHA2
CTNNB1	TGFBR2
CTNNB1	FZD5
CTNNB1	DKK1
CTNNB1	AR
CTNNB1	CDON
CTNNB1	LIMA1
CTNNB1	MAGI1
CTNNB1	PTPRJ
CTNNB1	ESR1
CTNNB1	PIK3R1
CTNNB1	VEGFA
DCTN5	ANK3
DCTN5	ANK2
DCTN5	AR
FLG	TGM1
FLG	PKP3
GAS1	PTCH1
GAS1	CDON
GDF5	ACVR2A
GFPT2	GLUL
EIF4G2	CASP1
PLPP3	SPHK1
LAMTOR1	SLC2A3
LAMTOR1	STOM
LAMTOR1	RAP2B
LAMTOR1	PLAU
LAMTOR1	PTPRJ
LAMTOR1	ITGAM
LAMTOR1	FPR1
MFAP2	NOTCH1
MDK	NOTCH2
MLEC	SLC2A3
MLEC	STOM
MLEC	RAP2B
MLEC	PLAU
MLEC	PTPRJ
MLEC	ITGAM
MMP8	CST3
MMP8	DBNL
NLGN4X	EPB41L5
NLGN4X	GRM5
NLGN4X	DLG2
NLGN4X	DBNL
NRDC	HBEGF
NUP188	HSPA1A
PLIN1	CAV1
PLIN1	PPP1CB
PPP2CB	EGF
PPP2CB	INSR
PPP2CB	CTLA4
PPP2CB	TGFBR2
PPP2CB	RCC2
PPP2CB	PPP1CB
PSMC5	NFKBIA
PSMC5	SMURF2
PSMC5	AJUBA
PSMC5	LIMD1
PSMC5	TNFRSF12A
PSMD11	NFKBIA
PSMD11	SMURF2
PSMD11	AJUBA
PSMD11	LIMD1
PSMD11	TNFRSF12A
PSMD13	NFKBIA
PSMD13	SMURF2
PSMD13	AJUBA
PSMD13	LIMD1
PSMD13	TNFRSF12A
PSMD14	NFKBIA
PSMD14	SMURF2
PSMD14	AJUBA
PSMD14	LIMD1
PSMD14	TNFRSF12A
PSMD3	NFKBIA
PSMD3	SMURF2
PSMD3	AJUBA
PSMD3	LIMD1
PSMD3	TNFRSF12A
PTPRS	PPFIBP1
ATIC	NT5E
RAB21	RAB31
RAB23	RAB31
RAP2C	SLC2A3
RAP2C	STOM
RAP2C	RAP2B
RAP2C	PLAU
RAP2C	ITGAM
RBBP4	RARA
RBBP4	AJUBA
RBBP4	ING2
RBBP4	SMAD3
RPL14	DOCK4
RPL15	DOCK4
RPL18A	DOCK4
RPL19	DOCK4
RPL26	DOCK4
RPL27A	DOCK4
RPL3	DOCK4
RPL8	DOCK4
POLR2G	RARA
POLR2G	AJUBA
POLR2G	ESR1
POLR2G	FGFR2
RPS6	DOCK4
S100A9	IRAK1
S100A9	TLR4
SEC23A	AREG
STK24	SLMAP
RARS2	WARS2
CCT4	SPHK1
PTGES3	AR
PTGES3	HSPA1A
PTGES3	ESR1
TMED10	ANK3
TMED10	ANK2
TMED10	AREG
SNRNP200	IRAK2
SNRNP200	IRAK1
UBE2M	SMURF2
UBE2M	DCUN1D3
UBE2M	ZBTB16
UBE2M	TGFBR2
UBE2M	NEDD4L
UBE2M	ESR1
UBE2M	CISH
UBE2M	NEDD4
UBE2M	LMO7
NAE1	DCUN1D3
NAE1	CISH
NAE1	LMO7
RPS2	DOCK4
ADK	NT5E
AP2M1	EFNB1
AP2M1	HIP1R
AP2M1	EGF
AP2M1	FNBP1L
AP2M1	DAB2
AP2M1	EPHB3
AP2M1	SYNJ2
AP2M1	AMPH
AP2M1	FZD5
AP2M1	DNM3
AP2M1	ROR2
AP2M1	ITSN1
AP2M1	RDX
AP2M1	AGTR1
BAG3	HSPA1A
BAG3	CRYAB
BLVRA	INSR
CCNB2	RCC2
CCNB2	CDK5
CTNND1	MMP7
CTNND1	CDH1
CTNND1	AJUBA
CTNND1	EGF
CTNND1	IGF1R
CTNND1	CDH11
CTNND1	TJP1
CTNND1	EPHA2
CTNND1	LIMA1
CTNND1	PTPRJ
CTNND1	PIK3R1
FKBP4	AR
FKBP4	HSPA1A
FKBP4	ESR1
GRPEL1	HSPA1A
HECW2	SMURF2
HECW2	ZBTB16
HECW2	NEDD4L
HECW2	NEDD4
HECW2	LMO7
ITGA5	ITGA3
ITGA5	ITGB4
ITGA5	ITGB8
ITGA5	ITGB7
ITGA5	PLAU
ITGA5	TEK
ITGA5	ANGPT1
LSM12	SLC9A3R2
MET	ITGA3
MET	ITGB4
MET	CDH1
MET	EGF
MET	LRIG1
MET	PLXNB1
MET	JAK2
MET	PTPRJ
MET	PIK3R1
MET	VEGFA
PKD1	EXOC6
PKD1	PRKD1
PKDREJ	PRKD1
PRNP	NCAM2
PRNP	CRYAB
RANGAP1	RCC2
STAT1	EGF
STAT1	VCAM1
STAT1	IL12A
STAT1	IFNGR1
STAT1	IL6R
STAT1	GBP1
STAT1	IL6ST
STAT1	JAK2
STAT1	IL4R
STAT1	ESR1
STAT1	CISH
STAT1	FGFR2
STAT1	MYO18A
STAT1	ITGAM
STRAP	TGFB3
STRAP	SMAD3
STRAP	TGFBR2
STRAP	NEDD4L
STXBP1	STX1B
STXBP1	CACNB2
STXBP1	ITPR2
STXBP1	CACNA2D2
TMOD1	DMD
UBE2G1	SMURF2
UBE2G1	ZBTB16
UBE2G1	NEDD4L
UBE2G1	NEDD4
UBE2G1	LMO7
ATP6V1A	INSR
